[{
  "description": "Ability update the Access Approval configuration",
  "etag": "AA==",
  "includedPermissions": [
    "accessapproval.settings.get"
  ],
  "name": "roles/accessapproval.configEditor",
  "stage": "BETA",
  "title": "Access Approval Config Editor"
},
{
  "description": "Ability update the Access Approval configuration",
  "etag": "AA==",
  "includedPermissions": [
    "accessapproval.settings.delete",
    "accessapproval.settings.get"
  ],
  "name": "roles/accessapproval.configEditoaaaar",
  "stage": "BETA",
  "title": "Access Approval Config Editor"
}]