{
  "roles/accessapproval.approver": 7,
  "roles/accessapproval.configEditor": 5,
  "roles/accessapproval.viewer": 5,
  "roles/accesscontextmanager.policyAdmin": 32,
  "roles/accesscontextmanager.policyEditor": 30,
  "roles/accesscontextmanager.policyReader": 15,
  "roles/actions.Admin": 12,
  "roles/actions.Viewer": 6,
  "roles/androidmanagement.user": 4,
  "roles/apigee.admin": 126,
  "roles/apigee.analyticsAgent": 1,
  "roles/apigee.analyticsEditor": 14,
  "roles/apigee.analyticsViewer": 5,
  "roles/apigee.apiCreator": 38,
  "roles/apigee.deployer": 77,
  "roles/apigee.developerAdmin": 35,
  "roles/apigee.readOnlyAdmin": 55,
  "roles/apigee.synchronizerManager": 2,
  "roles/appengine.appAdmin": 19,
  "roles/appengine.appViewer": 11,
  "roles/appengine.codeViewer": 12,
  "roles/appengine.deployer": 13,
  "roles/appengine.serviceAdmin": 16,
  "roles/automl.admin": 56,
  "roles/automl.editor": 50,
  "roles/automl.predictor": 3,
  "roles/automl.viewer": 24,
  "roles/automlrecommendations.admin": 21,
  "roles/automlrecommendations.adminViewer": 14,
  "roles/automlrecommendations.editor": 19,
  "roles/automlrecommendations.viewer": 13,
  "roles/axt.admin": 5,
  "roles/bigquery.admin": 55,
  "roles/bigquery.connectionAdmin": 8,
  "roles/bigquery.connectionUser": 4,
  "roles/bigquery.dataEditor": 28,
  "roles/bigquery.dataOwner": 32,
  "roles/bigquery.dataViewer": 13,
  "roles/bigquery.jobUser": 3,
  "roles/bigquery.metadataViewer": 10,
  "roles/bigquery.readSessionUser": 3,
  "roles/bigquery.user": 15,
  "roles/bigtable.admin": 32,
  "roles/bigtable.reader": 17,
  "roles/bigtable.user": 18,
  "roles/bigtable.viewer": 15,
  "roles/billing.admin": 36,
  "roles/billing.creator": 2,
  "roles/billing.projectManager": 2,
  "roles/billing.user": 6,
  "roles/billing.viewer": 12,
  "roles/binaryauthorization.attestorsAdmin": 10,
  "roles/binaryauthorization.attestorsEditor": 8,
  "roles/binaryauthorization.attestorsVerifier": 5,
  "roles/binaryauthorization.attestorsViewer": 4,
  "roles/binaryauthorization.policyAdmin": 6,
  "roles/binaryauthorization.policyEditor": 4,
  "roles/binaryauthorization.policyViewer": 3,
  "roles/browser": 6,
  "roles/chat.owner": 2,
  "roles/chat.reader": 1,
  "roles/cloudasset.owner": 95,
  "roles/cloudasset.viewer": 90,
  "roles/cloudbuild.builds.builder": 20,
  "roles/cloudbuild.builds.editor": 7,
  "roles/cloudbuild.builds.viewer": 5,
  "roles/cloudbuild.serviceAgent": 24,
  "roles/cloudconfig.admin": 6,
  "roles/cloudconfig.viewer": 5,
  "roles/clouddebugger.agent": 4,
  "roles/clouddebugger.user": 5,
  "roles/cloudfunctions.admin": 18,
  "roles/cloudfunctions.developer": 16,
  "roles/cloudfunctions.invoker": 1,
  "roles/cloudfunctions.serviceAgent": 24,
  "roles/cloudfunctions.viewer": 9,
  "roles/cloudiot.admin": 18,
  "roles/cloudiot.deviceController": 7,
  "roles/cloudiot.editor": 16,
  "roles/cloudiot.provisioner": 12,
  "roles/cloudiot.viewer": 5,
  "roles/cloudjobdiscovery.admin": 4,
  "roles/cloudjobdiscovery.jobsEditor": 13,
  "roles/cloudjobdiscovery.jobsViewer": 6,
  "roles/cloudjobdiscovery.profilesEditor": 12,
  "roles/cloudjobdiscovery.profilesViewer": 5,
  "roles/cloudkms.admin": 24,
  "roles/cloudkms.cryptoKeyDecrypter": 2,
  "roles/cloudkms.cryptoKeyEncrypter": 2,
  "roles/cloudkms.cryptoKeyEncrypterDecrypter": 3,
  "roles/cloudkms.importer": 5,
  "roles/cloudkms.publicKeyViewer": 2,
  "roles/cloudkms.signer": 2,
  "roles/cloudkms.signerVerifier": 3,
  "roles/cloudmigration.inframanager": 81,
  "roles/cloudmigration.storageaccess": 5,
  "roles/cloudmigration.velostrataconnect": 2,
  "roles/cloudprivatecatalog.consumer": 1,
  "roles/cloudprivatecatalogproducer.admin": 15,
  "roles/cloudprivatecatalogproducer.manager": 12,
  "roles/cloudprofiler.agent": 2,
  "roles/cloudprofiler.user": 6,
  "roles/cloudscheduler.admin": 13,
  "roles/cloudscheduler.jobRunner": 4,
  "roles/cloudscheduler.serviceAgent": 3,
  "roles/cloudscheduler.viewer": 7,
  "roles/cloudsecurityscanner.editor": 20,
  "roles/cloudsecurityscanner.runner": 7,
  "roles/cloudsecurityscanner.viewer": 11,
  "roles/cloudsql.admin": 44,
  "roles/cloudsql.client": 2,
  "roles/cloudsql.editor": 26,
  "roles/cloudsql.viewer": 16,
  "roles/cloudsupport.admin": 10,
  "roles/cloudsupport.viewer": 3,
  "roles/cloudtasks.admin": 20,
  "roles/cloudtasks.enqueuer": 4,
  "roles/cloudtasks.queueAdmin": 14,
  "roles/cloudtasks.serviceAgent": 2,
  "roles/cloudtasks.taskDeleter": 3,
  "roles/cloudtasks.taskRunner": 4,
  "roles/cloudtasks.viewer": 9,
  "roles/cloudtestservice.testAdmin": 29,
  "roles/cloudtestservice.testViewer": 15,
  "roles/cloudtrace.admin": 12,
  "roles/cloudtrace.agent": 1,
  "roles/cloudtrace.user": 11,
  "roles/cloudtranslate.admin": 21,
  "roles/cloudtranslate.editor": 21,
  "roles/cloudtranslate.user": 17,
  "roles/cloudtranslate.viewer": 11,
  "roles/codelabapikeys.admin": 2,
  "roles/codelabapikeys.editor": 2,
  "roles/codelabapikeys.viewer": 2,
  "roles/composer.admin": 12,
  "roles/composer.environmentAndStorageObjectAdmin": 21,
  "roles/composer.environmentAndStorageObjectViewer": 12,
  "roles/composer.user": 8,
  "roles/composer.worker": 358,
  "roles/compute.admin": 420,
  "roles/compute.imageUser": 9,
  "roles/compute.instanceAdmin": 133,
  "roles/compute.instanceAdmin.v1": 221,
  "roles/compute.loadBalancerAdmin": 165,
  "roles/compute.networkAdmin": 247,
  "roles/compute.networkUser": 47,
  "roles/compute.networkViewer": 83,
  "roles/compute.orgSecurityPolicyAdmin": 18,
  "roles/compute.orgSecurityPolicyUser": 13,
  "roles/compute.orgSecurityResourceAdmin": 10,
  "roles/compute.osAdminLogin": 10,
  "roles/compute.osLogin": 9,
  "roles/compute.osLoginExternalUser": 1,
  "roles/compute.packetMirroringAdmin": 8,
  "roles/compute.packetMirroringUser": 7,
  "roles/compute.securityAdmin": 52,
  "roles/compute.storageAdmin": 68,
  "roles/compute.viewer": 146,
  "roles/compute.xpnAdmin": 14,
  "roles/container.admin": 311,
  "roles/container.clusterAdmin": 9,
  "roles/container.clusterViewer": 4,
  "roles/container.developer": 282,
  "roles/container.hostServiceAgentUser": 2,
  "roles/container.viewer": 118,
  "roles/containeranalysis.admin": 2,
  "roles/containeranalysis.notes.attacher": 0,
  "roles/containeranalysis.notes.editor": 2,
  "roles/containeranalysis.notes.viewer": 2,
  "roles/containeranalysis.occurrences.editor": 2,
  "roles/containeranalysis.occurrences.viewer": 2,
  "roles/datacatalog.admin": 38,
  "roles/datacatalog.categoryAdmin": 11,
  "roles/datacatalog.categoryFineGrainedReader": 1,
  "roles/datacatalog.entryCreator": 5,
  "roles/datacatalog.entryGroupCreator": 4,
  "roles/datacatalog.entryGroupOwner": 13,
  "roles/datacatalog.entryOwner": 9,
  "roles/datacatalog.entryViewer": 4,
  "roles/datacatalog.tagEditor": 4,
  "roles/datacatalog.tagTemplateCreator": 2,
  "roles/datacatalog.tagTemplateOwner": 10,
  "roles/datacatalog.tagTemplateUser": 5,
  "roles/datacatalog.tagTemplateViewer": 4,
  "roles/datacatalog.viewer": 12,
  "roles/dataflow.admin": 14,
  "roles/dataflow.developer": 9,
  "roles/dataflow.viewer": 6,
  "roles/dataflow.worker": 7,
  "roles/datafusion.admin": 16,
  "roles/datafusion.serviceAgent": 208,
  "roles/datafusion.viewer": 9,
  "roles/datalabeling.admin": 27,
  "roles/datalabeling.editor": 27,
  "roles/datalabeling.viewer": 16,
  "roles/dataprep.projects.user": 5,
  "roles/dataproc.admin": 42,
  "roles/dataproc.editor": 33,
  "roles/dataproc.serviceAgent": 167,
  "roles/dataproc.viewer": 14,
  "roles/dataproc.worker": 23,
  "roles/dataprocessing.admin": 4,
  "roles/dataprocessing.iamAccessHistoryExporter": 1,
  "roles/datastore.importExportAdmin": 8,
  "roles/datastore.indexAdmin": 8,
  "roles/datastore.owner": 35,
  "roles/datastore.user": 15,
  "roles/datastore.viewer": 13,
  "roles/deploymentmanager.editor": 35,
  "roles/deploymentmanager.typeEditor": 22,
  "roles/deploymentmanager.typeViewer": 12,
  "roles/deploymentmanager.viewer": 21,
  "roles/dialogflow.admin": 44,
  "roles/dialogflow.client": 12,
  "roles/dialogflow.consoleAgentEditor": 45,
  "roles/dialogflow.reader": 17,
  "roles/dlp.admin": 32,
  "roles/dlp.analyzeRiskTemplatesEditor": 5,
  "roles/dlp.analyzeRiskTemplatesReader": 2,
  "roles/dlp.deidentifyTemplatesEditor": 5,
  "roles/dlp.deidentifyTemplatesReader": 2,
  "roles/dlp.inspectTemplatesEditor": 5,
  "roles/dlp.inspectTemplatesReader": 2,
  "roles/dlp.jobTriggersEditor": 5,
  "roles/dlp.jobTriggersReader": 2,
  "roles/dlp.jobsEditor": 6,
  "roles/dlp.jobsReader": 2,
  "roles/dlp.reader": 12,
  "roles/dlp.storedInfoTypesEditor": 5,
  "roles/dlp.storedInfoTypesReader": 2,
  "roles/dlp.user": 2,
  "roles/dns.admin": 29,
  "roles/dns.peer": 1,
  "roles/dns.reader": 15,
  "roles/editor": 2251,
  "roles/endpoints.portalAdmin": 7,
  "roles/errorreporting.admin": 8,
  "roles/errorreporting.user": 7,
  "roles/errorreporting.viewer": 5,
  "roles/errorreporting.writer": 1,
  "roles/file.editor": 17,
  "roles/file.viewer": 8,
  "roles/firebase.admin": 290,
  "roles/firebase.analyticsAdmin": 11,
  "roles/firebase.analyticsViewer": 10,
  "roles/firebase.developAdmin": 203,
  "roles/firebase.developViewer": 80,
  "roles/firebase.growthAdmin": 55,
  "roles/firebase.growthViewer": 32,
  "roles/firebase.qualityAdmin": 36,
  "roles/firebase.qualityViewer": 26,
  "roles/firebase.viewer": 115,
  "roles/firebaseabt.admin": 11,
  "roles/firebaseabt.viewer": 8,
  "roles/firebaseappdistro.admin": 10,
  "roles/firebaseappdistro.viewer": 7,
  "roles/firebaseauth.admin": 14,
  "roles/firebaseauth.viewer": 6,
  "roles/firebasecrash.symbolMappingsAdmin": 2,
  "roles/firebasecrashlytics.admin": 11,
  "roles/firebasecrashlytics.viewer": 9,
  "roles/firebasedatabase.admin": 8,
  "roles/firebasedatabase.viewer": 6,
  "roles/firebasedynamiclinks.admin": 16,
  "roles/firebasedynamiclinks.viewer": 10,
  "roles/firebasehosting.admin": 9,
  "roles/firebasehosting.viewer": 6,
  "roles/firebaseinappmessaging.admin": 9,
  "roles/firebaseinappmessaging.viewer": 6,
  "roles/firebaseml.admin": 18,
  "roles/firebaseml.viewer": 10,
  "roles/firebasenotifications.admin": 9,
  "roles/firebasenotifications.viewer": 6,
  "roles/firebaseperformance.admin": 8,
  "roles/firebaseperformance.viewer": 5,
  "roles/firebasepredictions.admin": 8,
  "roles/firebasepredictions.viewer": 5,
  "roles/firebaserules.admin": 13,
  "roles/firebaserules.viewer": 6,
  "roles/genomics.admin": 11,
  "roles/genomics.editor": 9,
  "roles/genomics.pipelinesRunner": 4,
  "roles/genomics.viewer": 4,
  "roles/gkehub.admin": 15,
  "roles/gkehub.connect": 1,
  "roles/gkehub.viewer": 10,
  "roles/healthcare.annotationEditor": 5,
  "roles/healthcare.annotationReader": 5,
  "roles/healthcare.annotationStoreAdmin": 5,
  "roles/healthcare.annotationStoreViewer": 5,
  "roles/healthcare.datasetAdmin": 13,
  "roles/healthcare.datasetViewer": 5,
  "roles/healthcare.dicomEditor": 13,
  "roles/healthcare.dicomStoreAdmin": 14,
  "roles/healthcare.dicomStoreViewer": 7,
  "roles/healthcare.dicomViewer": 9,
  "roles/healthcare.fhirResourceEditor": 14,
  "roles/healthcare.fhirResourceReader": 9,
  "roles/healthcare.fhirStoreAdmin": 16,
  "roles/healthcare.fhirStoreViewer": 7,
  "roles/healthcare.hl7V2Consumer": 11,
  "roles/healthcare.hl7V2Editor": 14,
  "roles/healthcare.hl7V2Ingest": 8,
  "roles/healthcare.hl7V2StoreAdmin": 13,
  "roles/healthcare.hl7V2StoreViewer": 7,
  "roles/iam.organizationRoleAdmin": 11,
  "roles/iam.organizationRoleViewer": 7,
  "roles/iam.roleAdmin": 8,
  "roles/iam.roleViewer": 4,
  "roles/iam.securityAdmin": 612,
  "roles/iam.securityReviewer": 519,
  "roles/iam.serviceAccountAdmin": 9,
  "roles/iam.serviceAccountCreator": 5,
  "roles/iam.serviceAccountDeleter": 5,
  "roles/iam.serviceAccountKeyAdmin": 8,
  "roles/iam.serviceAccountTokenCreator": 8,
  "roles/iam.serviceAccountUser": 5,
  "roles/iam.workloadIdentityUser": 3,
  "roles/iap.admin": 14,
  "roles/iap.httpsResourceAccessor": 1,
  "roles/iap.settingsAdmin": 10,
  "roles/iap.tunnelResourceAccessor": 1,
  "roles/identitytoolkit.admin": 10,
  "roles/identitytoolkit.viewer": 2,
  "roles/lifesciences.admin": 4,
  "roles/lifesciences.editor": 4,
  "roles/lifesciences.viewer": 2,
  "roles/lifesciences.workflowsRunner": 4,
  "roles/logging.admin": 25,
  "roles/logging.configWriter": 20,
  "roles/logging.logWriter": 1,
  "roles/logging.privateLogViewer": 13,
  "roles/logging.viewer": 12,
  "roles/managedidentities.admin": 20,
  "roles/managedidentities.domainAdmin": 15,
  "roles/managedidentities.viewer": 9,
  "roles/ml.admin": 28,
  "roles/ml.developer": 18,
  "roles/ml.jobOwner": 7,
  "roles/ml.modelOwner": 14,
  "roles/ml.modelUser": 5,
  "roles/ml.operationOwner": 3,
  "roles/ml.viewer": 12,
  "roles/mobilecrashreporting.symbolMappingsAdmin": 2,
  "roles/monitoring.admin": 50,
  "roles/monitoring.alertPolicyEditor": 5,
  "roles/monitoring.alertPolicyViewer": 2,
  "roles/monitoring.editor": 49,
  "roles/monitoring.metricWriter": 6,
  "roles/monitoring.notificationChannelEditor": 9,
  "roles/monitoring.notificationChannelViewer": 4,
  "roles/monitoring.uptimeCheckConfigEditor": 5,
  "roles/monitoring.uptimeCheckConfigViewer": 2,
  "roles/monitoring.viewer": 23,
  "roles/netappcloudvolumes.admin": 22,
  "roles/netappcloudvolumes.viewer": 13,
  "roles/notebooks.admin": 21,
  "roles/notebooks.viewer": 12,
  "roles/orgpolicy.policyAdmin": 2,
  "roles/orgpolicy.policyViewer": 1,
  "roles/owner": 2495,
  "roles/proximitybeacon.attachmentEditor": 9,
  "roles/proximitybeacon.attachmentPublisher": 5,
  "roles/proximitybeacon.attachmentViewer": 4,
  "roles/proximitybeacon.beaconEditor": 6,
  "roles/pubsub.admin": 30,
  "roles/pubsub.editor": 24,
  "roles/pubsub.publisher": 1,
  "roles/pubsub.subscriber": 3,
  "roles/pubsub.viewer": 10,
  "roles/recommender.computeAdmin": 10,
  "roles/recommender.computeViewer": 8,
  "roles/recommender.iamAdmin": 7,
  "roles/recommender.iamViewer": 6,
  "roles/redis.admin": 17,
  "roles/redis.editor": 13,
  "roles/redis.viewer": 9,
  "roles/redisenterprisecloud.admin": 12,
  "roles/redisenterprisecloud.viewer": 6,
  "roles/remotebuildexecution.actionCacheWriter": 2,
  "roles/remotebuildexecution.artifactAdmin": 8,
  "roles/remotebuildexecution.artifactCreator": 7,
  "roles/remotebuildexecution.artifactViewer": 3,
  "roles/remotebuildexecution.configurationAdmin": 9,
  "roles/remotebuildexecution.configurationViewer": 4,
  "roles/remotebuildexecution.logstreamWriter": 2,
  "roles/remotebuildexecution.worker": 7,
  "roles/resourcemanager.folderAdmin": 15,
  "roles/resourcemanager.folderCreator": 6,
  "roles/resourcemanager.folderEditor": 9,
  "roles/resourcemanager.folderIamAdmin": 3,
  "roles/resourcemanager.folderMover": 2,
  "roles/resourcemanager.folderViewer": 5,
  "roles/resourcemanager.lienModifier": 1,
  "roles/resourcemanager.organizationAdmin": 12,
  "roles/resourcemanager.organizationCreator": 0,
  "roles/resourcemanager.organizationViewer": 1,
  "roles/resourcemanager.projectCreator": 2,
  "roles/resourcemanager.projectDeleter": 1,
  "roles/resourcemanager.projectIamAdmin": 3,
  "roles/resourcemanager.projectMover": 3,
  "roles/run.admin": 18,
  "roles/run.invoker": 1,
  "roles/run.viewer": 12,
  "roles/runtimeconfig.admin": 24,
  "roles/secretmanager.admin": 18,
  "roles/secretmanager.secretAccessor": 1,
  "roles/secretmanager.viewer": 9,
  "roles/securitycenter.admin": 19,
  "roles/securitycenter.adminEditor": 15,
  "roles/securitycenter.adminViewer": 9,
  "roles/securitycenter.assetSecurityMarksWriter": 1,
  "roles/securitycenter.assetsDiscoveryRunner": 1,
  "roles/securitycenter.assetsViewer": 4,
  "roles/securitycenter.findingSecurityMarksWriter": 1,
  "roles/securitycenter.findingsEditor": 8,
  "roles/securitycenter.findingsStateSetter": 1,
  "roles/securitycenter.findingsViewer": 6,
  "roles/securitycenter.sourcesAdmin": 6,
  "roles/securitycenter.sourcesEditor": 4,
  "roles/securitycenter.sourcesViewer": 3,
  "roles/serverless.serviceAgent": 12,
  "roles/servicebroker.admin": 24,
  "roles/servicebroker.operator": 17,
  "roles/serviceconsumermanagement.tenancyUnitsAdmin": 5,
  "roles/serviceconsumermanagement.tenancyUnitsViewer": 1,
  "roles/servicemanagement.admin": 27,
  "roles/servicemanagement.configEditor": 2,
  "roles/servicemanagement.quotaAdmin": 15,
  "roles/servicemanagement.quotaViewer": 7,
  "roles/servicemanagement.serviceConsumer": 1,
  "roles/servicemanagement.serviceController": 4,
  "roles/servicenetworking.networksAdmin": 7,
  "roles/serviceusage.apiKeysAdmin": 9,
  "roles/serviceusage.apiKeysViewer": 3,
  "roles/serviceusage.serviceUsageAdmin": 12,
  "roles/serviceusage.serviceUsageConsumer": 7,
  "roles/serviceusage.serviceUsageViewer": 6,
  "roles/source.admin": 10,
  "roles/source.reader": 2,
  "roles/source.writer": 3,
  "roles/spanner.admin": 38,
  "roles/spanner.databaseAdmin": 28,
  "roles/spanner.databaseReader": 8,
  "roles/spanner.databaseUser": 15,
  "roles/spanner.viewer": 8,
  "roles/stackdriver.accounts.editor": 5,
  "roles/stackdriver.accounts.viewer": 3,
  "roles/stackdriver.resourceMaintenanceWindow.editor": 0,
  "roles/stackdriver.resourceMaintenanceWindow.viewer": 0,
  "roles/stackdriver.resourceMetadata.writer": 1,
  "roles/storage.admin": 17,
  "roles/storage.hmacKeyAdmin": 8,
  "roles/storage.legacyBucketOwner": 7,
  "roles/storage.legacyBucketReader": 2,
  "roles/storage.legacyBucketWriter": 4,
  "roles/storage.legacyObjectOwner": 4,
  "roles/storage.legacyObjectReader": 1,
  "roles/storage.objectAdmin": 9,
  "roles/storage.objectCreator": 3,
  "roles/storage.objectViewer": 4,
  "roles/storagetransfer.admin": 13,
  "roles/storagetransfer.user": 12,
  "roles/storagetransfer.viewer": 7,
  "roles/subscribewithgoogledeveloper.developer": 3,
  "roles/threatdetection.editor": 7,
  "roles/threatdetection.viewer": 3,
  "roles/tpu.admin": 18,
  "roles/tpu.viewer": 12,
  "roles/viewer": 1070,
  "roles/vmmigration.admin": 3,
  "roles/vmmigration.viewer": 2,
  "roles/vpaccess.user": 8,
  "roles/vpaccess.viewer": 7,
  "roles/vpcaccess.admin": 10
}
