[
  {
    "permission": "storage.buckets.create",
    "roles": [
      "roles/cloudbuild.builds.builder",
      "roles/cloudbuild.serviceAgent",
      "roles/cloudmigration.inframanager",
      "roles/cloudtestservice.testAdmin",
      "roles/composer.worker",
      "roles/datafusion.serviceAgent",
      "roles/dataproc.serviceAgent",
      "roles/editor",
      "roles/firebase.admin",
      "roles/firebase.developAdmin",
      "roles/owner",
      "roles/storage.admin"
    ]
  },
  {
    "permission": "storage.buckets.get",
    "roles": [
      "roles/cloudbuild.builds.builder",
      "roles/cloudbuild.serviceAgent",
      "roles/cloudfunctions.serviceAgent",
      "roles/cloudmigration.inframanager",
      "roles/cloudtestservice.testAdmin",
      "roles/composer.worker",
      "roles/dataflow.admin",
      "roles/datafusion.serviceAgent",
      "roles/dataproc.serviceAgent",
      "roles/dataproc.worker",
      "roles/firebase.admin",
      "roles/firebase.developAdmin",
      "roles/firebase.developViewer",
      "roles/firebase.viewer",
      "roles/storage.admin",
      "roles/storage.legacyBucketOwner",
      "roles/storage.legacyBucketReader",
      "roles/storage.legacyBucketWriter"
    ]
  },
  {
    "permission": "storage.buckets.list",
    "roles": [
      "roles/cloudbuild.builds.builder",
      "roles/cloudbuild.serviceAgent",
      "roles/cloudmigration.inframanager",
      "roles/composer.worker",
      "roles/datafusion.serviceAgent",
      "roles/dataproc.serviceAgent",
      "roles/editor",
      "roles/firebase.admin",
      "roles/firebase.developAdmin",
      "roles/firebase.developViewer",
      "roles/firebase.viewer",
      "roles/iam.securityAdmin",
      "roles/iam.securityReviewer",
      "roles/owner",
      "roles/storage.admin",
      "roles/viewer"
    ]
  },
  {
    "permission": "storage.objects.create",
    "roles": [
      "roles/cloudbuild.builds.builder",
      "roles/cloudbuild.serviceAgent",
      "roles/cloudmigration.storageaccess",
      "roles/cloudtestservice.testAdmin",
      "roles/composer.environmentAndStorageObjectAdmin",
      "roles/composer.worker",
      "roles/dataflow.admin",
      "roles/dataflow.worker",
      "roles/datafusion.serviceAgent",
      "roles/dataproc.serviceAgent",
      "roles/dataproc.worker",
      "roles/firebase.admin",
      "roles/firebase.developAdmin",
      "roles/storage.admin",
      "roles/storage.legacyBucketOwner",
      "roles/storage.legacyBucketWriter",
      "roles/storage.objectAdmin",
      "roles/storage.objectCreator"
    ]
  },
  {
    "permission": "storage.objects.delete",
    "roles": [
      "roles/cloudbuild.builds.builder",
      "roles/cloudbuild.serviceAgent",
      "roles/cloudmigration.storageaccess",
      "roles/composer.environmentAndStorageObjectAdmin",
      "roles/composer.worker",
      "roles/datafusion.serviceAgent",
      "roles/dataproc.serviceAgent",
      "roles/dataproc.worker",
      "roles/firebase.admin",
      "roles/firebase.developAdmin",
      "roles/storage.admin",
      "roles/storage.legacyBucketOwner",
      "roles/storage.legacyBucketWriter",
      "roles/storage.objectAdmin"
    ]
  },
  {
    "permission": "storage.objects.get",
    "roles": [
      "roles/cloudbuild.builds.builder",
      "roles/cloudbuild.serviceAgent",
      "roles/cloudmigration.storageaccess",
      "roles/cloudtestservice.testAdmin",
      "roles/cloudtestservice.testViewer",
      "roles/composer.environmentAndStorageObjectAdmin",
      "roles/composer.environmentAndStorageObjectViewer",
      "roles/composer.worker",
      "roles/dataflow.admin",
      "roles/dataflow.worker",
      "roles/datafusion.serviceAgent",
      "roles/dataproc.serviceAgent",
      "roles/dataproc.worker",
      "roles/firebase.admin",
      "roles/firebase.developAdmin",
      "roles/firebase.developViewer",
      "roles/firebase.viewer",
      "roles/serverless.serviceAgent",
      "roles/storage.admin",
      "roles/storage.legacyObjectOwner",
      "roles/storage.legacyObjectReader",
      "roles/storage.objectAdmin",
      "roles/storage.objectViewer"
    ]
  },
  {
    "permission": "storage.objects.list",
    "roles": [
      "roles/cloudbuild.builds.builder",
      "roles/cloudbuild.serviceAgent",
      "roles/cloudmigration.storageaccess",
      "roles/cloudtestservice.testAdmin",
      "roles/cloudtestservice.testViewer",
      "roles/composer.environmentAndStorageObjectAdmin",
      "roles/composer.environmentAndStorageObjectViewer",
      "roles/composer.worker",
      "roles/dataflow.admin",
      "roles/datafusion.serviceAgent",
      "roles/dataproc.serviceAgent",
      "roles/dataproc.worker",
      "roles/firebase.admin",
      "roles/firebase.developAdmin",
      "roles/firebase.developViewer",
      "roles/firebase.viewer",
      "roles/iam.securityAdmin",
      "roles/iam.securityReviewer",
      "roles/serverless.serviceAgent",
      "roles/storage.admin",
      "roles/storage.legacyBucketOwner",
      "roles/storage.legacyBucketReader",
      "roles/storage.legacyBucketWriter",
      "roles/storage.objectAdmin",
      "roles/storage.objectViewer"
    ]
  },
  {
    "permission": "storage.objects.update",
    "roles": [
      "roles/cloudbuild.builds.builder",
      "roles/cloudbuild.serviceAgent",
      "roles/cloudmigration.storageaccess",
      "roles/composer.environmentAndStorageObjectAdmin",
      "roles/composer.worker",
      "roles/datafusion.serviceAgent",
      "roles/dataproc.serviceAgent",
      "roles/dataproc.worker",
      "roles/firebase.admin",
      "roles/firebase.developAdmin",
      "roles/storage.admin",
      "roles/storage.legacyObjectOwner",
      "roles/storage.objectAdmin"
    ]
  },
  {
    "permission": "storage.buckets.update",
    "roles": [
      "roles/cloudfunctions.serviceAgent",
      "roles/cloudmigration.inframanager",
      "roles/cloudtestservice.testAdmin",
      "roles/datafusion.serviceAgent",
      "roles/dataproc.serviceAgent",
      "roles/firebase.admin",
      "roles/firebase.developAdmin",
      "roles/storage.admin",
      "roles/storage.legacyBucketOwner"
    ]
  },
  {
    "permission": "storage.buckets.delete",
    "roles": [
      "roles/cloudmigration.inframanager",
      "roles/datafusion.serviceAgent",
      "roles/dataproc.serviceAgent",
      "roles/editor",
      "roles/firebase.admin",
      "roles/firebase.developAdmin",
      "roles/owner",
      "roles/storage.admin"
    ]
  },
  {
    "permission": "storage.objects.getIamPolicy",
    "roles": [
      "roles/composer.environmentAndStorageObjectAdmin",
      "roles/composer.worker",
      "roles/datafusion.serviceAgent",
      "roles/dataproc.serviceAgent",
      "roles/dataproc.worker",
      "roles/firebase.admin",
      "roles/firebase.developAdmin",
      "roles/firebase.developViewer",
      "roles/firebase.viewer",
      "roles/iam.securityAdmin",
      "roles/iam.securityReviewer",
      "roles/storage.admin",
      "roles/storage.legacyObjectOwner",
      "roles/storage.objectAdmin"
    ]
  },
  {
    "permission": "storage.objects.setIamPolicy",
    "roles": [
      "roles/composer.environmentAndStorageObjectAdmin",
      "roles/composer.worker",
      "roles/datafusion.serviceAgent",
      "roles/dataproc.serviceAgent",
      "roles/dataproc.worker",
      "roles/firebase.admin",
      "roles/firebase.developAdmin",
      "roles/iam.securityAdmin",
      "roles/storage.admin",
      "roles/storage.legacyObjectOwner",
      "roles/storage.objectAdmin"
    ]
  },
  {
    "permission": "storage.buckets.getIamPolicy",
    "roles": [
      "roles/datafusion.serviceAgent",
      "roles/dataproc.serviceAgent",
      "roles/firebase.admin",
      "roles/firebase.developAdmin",
      "roles/firebase.developViewer",
      "roles/firebase.viewer",
      "roles/iam.securityAdmin",
      "roles/iam.securityReviewer",
      "roles/storage.admin",
      "roles/storage.legacyBucketOwner"
    ]
  },
  {
    "permission": "storage.buckets.setIamPolicy",
    "roles": [
      "roles/datafusion.serviceAgent",
      "roles/dataproc.serviceAgent",
      "roles/firebase.admin",
      "roles/firebase.developAdmin",
      "roles/iam.securityAdmin",
      "roles/storage.admin",
      "roles/storage.legacyBucketOwner"
    ]
  },
  {
    "permission": "storage.hmacKeys.create",
    "roles": [
      "roles/editor",
      "roles/owner",
      "roles/storage.hmacKeyAdmin"
    ]
  },
  {
    "permission": "storage.hmacKeys.delete",
    "roles": [
      "roles/editor",
      "roles/owner",
      "roles/storage.hmacKeyAdmin"
    ]
  },
  {
    "permission": "storage.hmacKeys.get",
    "roles": [
      "roles/editor",
      "roles/owner",
      "roles/storage.hmacKeyAdmin",
      "roles/viewer"
    ]
  },
  {
    "permission": "storage.hmacKeys.list",
    "roles": [
      "roles/editor",
      "roles/iam.securityAdmin",
      "roles/iam.securityReviewer",
      "roles/owner",
      "roles/storage.hmacKeyAdmin",
      "roles/viewer"
    ]
  },
  {
    "permission": "storage.hmacKeys.update",
    "roles": [
      "roles/editor",
      "roles/owner",
      "roles/storage.hmacKeyAdmin"
    ]
  }
]

******************
IMPORTANT
******************
Remember you can build your own custom roles: use the following template command, replacing whenever corresponds.
And also, remember one of these must be specified:
	* either the organization (for an organization wide-custom role)
	* the project (custom role just for a particular project)

gcloud iam roles create CUSTOM_ROLE_ID [--organization ORGANIZATION_ID | --project PROJECT_ID] \
	--title CUSTOM_ROLE_NAME \
	--description CUSTOM_ROLE_DESCRIPTION\
	--permissions storage.
